Symbol,Name,Last,Industry,Price Vol,Market Cap
AACG,Ata Creativity Global,4.92,Schools,28589,128226000
AAIC,Arlington Asset Investment Corp,4.03,REIT - Mortgage Trusts,812,129607000
AAME,Atlantic Amer Cp,3.64,Insurance - Accident & Health,968,83493000
AAOI,Applied Optoelect,8.29,Electronics - Semiconductors,4239,205590000
AAU,Almaden Minerals,0.5622,Mining - Gold,1234,76116000
ABEO,Abeona Therapeutics,1.8,Medical - Biomedical,3254,175380000
ACAC,Acies Acquisition Corp Cl A,9.88,Unclassified,533,269060000
ACEV,Ace Convergence Acquisition Corp Cl A,10.1,Unclassified,2650,286063000
ACR,Acres Commercial Realty Corp,15.26,REIT - Mortgage Trusts,545,144455000
ACRX,Acelrx Pharmaceutica,1.67,Medical - Drugs,2291,196264000
ACST,Acasti Pharma,0.6131,Medical - Generic Drugs,4363,108003000
ACTG,Acacia Res-Acacia,6.07,Business Services,5894,281876000
ADMA,Adma Biologics,1.81,Medical - Biomedical,11253,187205000
ADMP,Adamis Pharmaceuticl,0.946,Medical - Drugs,2118,122120000
ADMS,Adamas Pharma,5.12,Medical - Generic Drugs,531,153451000
ADN,Advent Technologies Hldg Inc,15.91,Machinery - Electrical,12168,222982000
ADXS,Advaxis Inc,0.78,Medical - Biomedical,2673,90783000
AEI,Alset Ehome Intl Inc,11.17,Real Estate Developers,14328,89814000
AESE,Allied Esports Entertainment Inc,2.79,Leisure & Recreation Services,10000,116217000
AEYE,Audioeye Inc,26.36,Internet - Software,3103,286171000
AFI,Armstrong Flooring Inc,5.05,Building Products - Wood,758,109625000
AGFY,Agrify Corp,11.65,Technology Services,2652,172875000
AGRX,Agile Therap,2.05,Medical - Generic Drugs,3067,186650000
AGS,Playags Inc,8.06,Gaming,2051,280565000
AGTC,Applied Genetic Tech,5.09,Medical - Biomedical,5012,216276000
AHAC,Alpha Healthcare Acquisition Corp,10.66,Unclassified,2427,135106000
AIH,Aesthetic Medical International Holdings Group L,7.93,Medical Services,4411,175681000
AIKI,AIkido Pharma Inc,1.16,Medical - Biomedical,4549,105516000
AIM,Aim Immunotech Inc,2.17,Medical - Drugs,852,91544000
AIRG,Airgain Inc,21.63,Communications Components,2269,213148000
AJX,Great Ajax Corp,11.46,REIT - Mortgage Trusts,1339,254596000
ALCO,Alico Inc,29.99,Agriculture Operations,546,217830000
ALNA,Allena Pharmaceuticals Inc,1.43,Medical - Biomedical,1410,81338000
ALPN,Alpine Immune Sciences Inc,10.98,Medical - Drugs,509,252194000
ALRN,Aileron Therapeutics Inc,1.5,Medical - Biomedical,1886,131268000
ALSK,Alaska Commun Sys,3.25,Wireline Regional,3184,175835000
ALTU,Altitude Acquisition Corp Cl A,10.22,Unclassified,9912,87911000
ALYA,Alithya Group Inc Cl A,2.6,Technology Services,3086,129976000
AMPY,Amplify Energy Corp,2.83,Oil - US Exploration & Product,2424,107696000
AMR,Alpha Metallurgical Resources Inc,13.13,Mining - Misc,2159,225817000
AMRK,A-Mark Precious Meta,36.94,Precious Metals & Jewelry,2227,249793000
ANH,Anworth Mortgage Asset Corp,2.98,REIT - Mortgage Trusts,41055,295926000
ANIX,Anixa Biosciences Inc,5.06,Medical - Biomedical,5485,117477000
ANVS,Annovis Bio Inc,30.76,Medical - Biomedical,3494,208407000
AONE,One Cl A,11.85,Unclassified,6986,75935000
APRE,Aprea Therapeutics Inc,5.1,Medical - Biomedical,2277,105299000
APRN,Blue Apron Holdings Inc,6.59,Food - Misc & Diversified,4199,122224000
APT,Alpha Pro Tech,9.64,Protection - Safety,4420,137058000
APTX,Aptinyx Inc,3.01,Medical - Biomedical,1079,189138000
APVO,Aptevo Therapeutics Inc,29.5,Medical - Biomedical,572,127072000
AQMS,Aqua Metals Inc,4.02,Waste Removal Svcs,5480,249761000
AQST,Aquestive Therapeutics Inc,4.3,Medical - Drugs,2298,146583000
ARAV,Aravive Inc,6.57,Medical - Biomedical,651,133885000
AREC,American Resources Corp,3.71,Mining - Misc,5046,190007000
ARPO,Aerpio Pharmaceuticals Inc,1.49,Medical - Biomedical,797,76647000
ARYA,Arya Sciences Acquisition Corp III Cl A,12.84,Unclassified,2671,215392000
ASAQ,Atlantic Street Acquisition Corp Cl A,9.89,Unclassified,1270,242500000
ASC,Ardmore Shipping Corp,4.98,Transportation - Ship,1250,156643000
ASLE,Aersale Corp,12.26,Aerospace - Defense Equipment,684,278277000
ASLN,Aslan Pharmaceuticals Ltd ADR,3.64,Medical - Biomedical,2006,136388000
ASM,Avino Silver & Gold,1.26,Mining - Silver,1702,121730000
ASMB,Assembly Biosciences,4.47,Medical - Generic Drugs,2800,165605000
ASPL,Aspirational Consumer Lifestyle Corp Cl A,10.03,Unclassified,4145,299680000
ASPU,Aspen Group Inc,6.3,Internet - Services,1743,153942000
ASRT,Assertio Therapeutics Inc,0.7,Medical - Drugs,3157,125378000
ASUR,Asure Software,7.7,Internet Services - Delivery,1056,147001000
ASYS,Amtech Systems Inc,11.83,Semi General,2125,158803000
AT,Atlantic Power Corp,2.8,Utility - Electric Power,3918,249824000
ATNF,180 Life Sciences Corp,6.96,Medical - Biomedical,304007,93135000
ATNM,Actinium Pharmaceuticals Inc,8.41,Medical - Drugs,3259,112772000
ATOS,Atossa Genetics Inc,2.16,Medical Instruments,19423,154600000
AUVI,Applied Uv Inc,10.2,Technology Services,2962,80801000
AVEO,Aveo Pharmaceuticals,7.41,Medical - Biomedical,14156,217040000
AVGR,Avinger Inc,1.55,Medical Instruments,4321,150571000
AXLA,Axcella Health Inc,4.87,Medical - Biomedical,598,171489000
AYLA,Ayala Pharmaceuticals Inc,11.89,Medical - Drugs,502,155648000
AYRO,Ayro Inc,6.75,Internet - Software,10182,230359000
AYTU,Aytu Biopharma Inc,7.71,Medical - Biomedical,4791,142349000
AZRX,Azurrx Biopharma Inc,1.31,Medical - Biomedical,2321,80205000
BASI,Bioanalytical Syst,16.44,Medical Instruments,1415,182993000
BATL,Battalion Oil Corp,11.17,Oil - US Exploration & Product,717,192601000
BATRA,Liberty Braves CS A,29.31,Real Estate Operations,1213,298561000
BBGI,Beasley Brdcst Gr,2.89,Broadcast - Radio & TV,834,91294000
BBI,Brickell Biotech Inc,1.16,Medical - Drugs,921,78308000
BBW,Build-A-Bear Workshop,7.35,Retail - Misc & Diversified,1668,113316000
BCBP,Bcb Bancorp Inc,13.87,Banks - Northeast,1076,231134000
BCLI,Brainstorm Cell,3.85,Medical - Biomedical,2893,144313000
BEEM,Beam Global,40.37,Auto - Truck Original Parts,22950,239891000
BELFB,BEL Fuse Inc Cl B,19.93,Electronics Products - Misc,929,230698000
BFI,Burgerfi Intl Inc,15.63,Retail - Restaurants,6172,122421000
BFRA,Biofrontera Ag ADR,4.78,Medical - Biomedical,694,153706000
BGSF,Bgsf Inc,14.14,Business Services,539,140827000
BHR,Braemar Hotels & Resorts Inc,6.41,REIT - Equity Trust Other,2418,243994000
BIOL,Biolase Inc,0.8588,Medical - Dental Suppliers,6055,134493000
BIVI,Biovie Inc,18.55,Medical - Drugs,581,264961000
BKCC,Blackrock Cptl Invt,3.3,Finance - SBIC & Commercial,974,242762000
BKEP,Blueknight Energy LP,3.28,Oil - Field Services,646,130209000
BKSC,Bank of So Car Cp,22.79,Banks - Southeast,761,127583000
BLRX,Biolinerx Ltd,2.9,Medical - Drugs,1030,119126000
BLU,Bellus Health Inc,3.76,Medical - Biomedical,1706,296114000
BMTX,Bm Technologies Inc,12.45,Banks - Northeast,789,94400000
BOCH,Bank of Commerce Hld,12.85,Banks - West,1271,201741000
BORR,Borr Drilling Ltd,1.04,Oil & Gas - Drilling,1977,112269000
BOXL,Boxlight Corp Cl A,2.9,Technology Services,21942,139261000
BPT,BP Prudhoe Bay Royalty Trust,4.02,Oil - US Royalty Trusts,1246,87312000
BRG,Bluerock Residential Growth Rei,10.74,REIT - Equity Trust Resident,2654,239315000
BRPA,Big Rock Partners Acquisition Corp,36.55,Unclassified,2968,75189000
BSET,Bassett Furniture,23.46,Furniture,1082,213313000
BSGM,Biosig Technologies,4.25,Medical Instruments,1049,135425000
BSN,Broadstone Acquisition Corp Cl A,9.78,Unclassified,673,295836000
BTBT,Bit Digital Inc,13.56,Technology Services,9797,207733000
BTU,Peabody Energy Corp,2.87,Coal,7393,270171000
BWAY,Brainsway Ltd ADR,9.32,Medical Products,1815,95119000
BWEN,Broadwind Energy Inc,5.09,Machinery - General Industrial,1796,86668000
BWFG,Bankwell Financial,27.04,Banks - Northeast,535,206537000
BXRX,Baudax Bio Inc,1.34,Medical - Drugs,1257,94693000
CAAS,China Automotive Sys,4.87,Auto - Truck Original Parts,547,156728000
CABA,Cabaletta Bio Inc,10.83,Medical - Biomedical,653,260843000
CALA,Calithera Biosci Com,2.47,Medical - Drugs,1453,178160000
CAPA,Highcape Capital Acquisition Corp Cl A,12.3,Unclassified,11975,166570000
CAPR,Capricor Therap,5.09,Medical Products,750,112850000
CASI,Casi Phrmactcls Inc,2.06,Medical - Drugs,8137,239212000
CATO,Cato Corp,12.34,Retail - Apparel & Shoes,1457,263512000
CBIO,Catalyst Bio,5.15,Medical - Biomedical,754,164488000
CCAC,Citic Capital Acquisition Corp Cl A,10,Unclassified,15367,277932000
CCNC,Code Chain New Continent Ltd,3.81,Waste Removal Svcs,3168,145735000
CCV,Churchill Capital V Cl A,9.76,Unclassified,14091,145084000
CDR,Cedar Realty Trust Inc,14.85,REIT - Equity Trust Other,664,188609000
CDTX,Cidara Thera,2.29,Medical - Biomedical,656,110499000
CECE,C E C O Envir,8.2,Pollution Controls,1369,269728000
CERC,Cerecor Inc,2.98,Medical - Biomedical,639,264642000
CFAC,Cf Finance Acquisition Corp III,10.05,Unclassified,1296,291038000
CFIV,Cf Acquisition Corp IV Cl A,9.7,Unclassified,1481,135205000
CFMS,Conformis Inc CS,1,Medical Instruments,2330,182579000
CFRX,Contrafect,4.59,Medical - Drugs,5120,124033000
CGRO,Collective Growth Corp Cl A,9.98,Unclassified,5195,193933000
CHEK,Check-Cap Ltd Ord,1.8,Medical Instruments,5542,81381000
CHMA,Chiasma Inc,3.03,Medical - Biomedical,8764,174689000
CHMG,Chemung Financial Cp,42.39,Banks - Southeast,983,192656000
CHMI,Cherry Hill Mortgage Investmen,10.02,REIT - Mortgage Trusts,2228,169563000
CIDM,Cinedigm Corp,1.69,Business Services,83693,268845000
CKPT,Checkpoint Therapeutics Inc,3.16,Medical - Biomedical,2139,232405000
CLBS,Caladrius Bio,1.92,Medical - Biomedical,2408,115440000
CLIR,Clearsign Combustion,5.28,Industrial Services,682,149314000
CLPS,Clps Incorp,4.86,IT Services,1950,82766000
CLRB,Cellectar Biosc,1.67,Medical Products,1327,83837000
CLSD,Clearside Biomedi,2.32,Medical - Biomedical,606,132071000
CLVR,Clever Leaves Holdings Inc,12.33,Unclassified,2750,186029000
CLXT,Calyxt Inc,6.64,Agriculture Operations,1125,254519000
CMCL,Caledonia Mining Cp,14.36,Mining - Gold,1259,153996000
CMCM,Cheetah Mobile Inc,2.24,Internet - Software,2483,297789000
CNCE,Concert Pharmaceutic,4.89,Medical - Drugs,4718,167948000
CNET,Chinanet Online Hld,2.72,Advertising Marketing Services,5536,83191000
CNTY,Century Casinos IN,10.41,Gaming,2317,290732000
COCP,Cocrystal Pharma Inc,1.4,Medical - Biomedical,621,99342000
COGT,Cogent Biosciences Inc,8.91,Medical - Biomedical,1734,167482000
COMS,Comsovereign Holding Corp,2.77,Communication Network Software,2190,147616000
CORR,Corenergy Infrastructure Trust Inc,7.24,REIT - Equity Trust Other,1573,97468000
CPLP,Capital Product Part,11.64,Transportation - Ship,787,207491000
CPSH,Cps Technologies,11.98,Electronics - Misc Components,5091,173202000
CPST,Capstone Turbine Cp,7.82,Machinery - Electrical,890,97719000
CRBP,Corbus Pharma,1.95,Medical - Drugs,6150,251123000
CRESY,Cresud Sacif ADR,4.83,Agriculture Operations,803,234813000
CRHM,CRH Medical Corp,3.94,Medical Instruments,3310,281467000
CRMD,Cormedix Inc,8.55,Medical - Biomedical,5988,279548000
CRU,Crucible Acquisition Corporation Cl A,9.92,Unclassified,632,76037000
CRVS,Corvus Pharma Com,3.07,Medical - Biomedical,959,80257000
CSBR,Champions Oncolog,12.5,Medical - Drugs,503,151173000
CSCW,Color Star Tech CO Ltd,1.51,Technology Services,44812,77904000
CSLT,Castlight Health Inc,1.5,Internet - Software,1784,249043000
CSU,Capital Senior Living Corp,37.49,Medical - Nursing Homes,701,77527000
CTHR,Charles & Colvard,2.86,Precious Metals & Jewelry,543,82936000
CTIC,Cti Biopharm Corp,2.79,Medical - Drugs,1141,216257000
CTK,Cootek Cayman Inc,2.64,Internet - Services,1590,173655000
CTO,Consolidated-Tomoka Land Company,51.22,REIT - Equity Trust Other,3729,292939000
CTXR,Citius Pharmaceuticals Inc,1.9,Medical - Drugs,12881,150660000
CVCY,Central Vly Cmty Bcp,19.26,Banks - West,526,228062000
CVEO,Civeo Corp,16.2,Hotels & Motels,611,213719000
CWCO,Cons Water CO Inc,13.67,Utility - Water Supply,1203,199321000
CYBE,Cyberoptics Cp,24.48,Lasers - Systems & Components,1838,173471000
CYCN,Cyclerion Therapeutics Inc,3.08,Medical - Biomedical,967,112041000
DARE,Dare Bioscience Inc,1.73,Medical - Biomedical,2202,77369000
DCRB,Decarbonization Plus Acquisition Corp Cl A,10.65,Unclassified,6554,291727000
DFFN,Diffusion Pharmaceuticals Inc,0.92,Medical - Biomedical,1750,92936000
DFHT,Deerfield Healthcare Techn Acquisitions Corp Cl,13.05,Medical Services,525,248331000
DFPH,Dfp Healthcare Acquisitions Corp Cl A,9.95,Unclassified,2298,288938000
DLPN,Dolphin Entertainment Inc,13.25,Technology Services,73739,125695000
DPW,Ault Global Hldg Inc,3.08,Conglomerates - Div Operations,12300,112928000
DRTT,Dirtt Environmental Solutions Ltd,2.94,Building & Construction - Misc,536,284314000
DS,Drive Shack Inc,3.35,Leisure & Recreation Services,15729,202510000
DSAC,Duddell Street Acquisition Corp Cl A,9.96,Unclassified,694,214813000
DSX,Diana Shipping Inc,3.23,Transportation - Ship,1730,276753000
DUNE,Dune Acquisition Corporation Cl A,9.68,Unclassified,1291,181125000
DYAI,Dyadic International,5.35,Medical - Biomedical,1119,149502000
EARN,Ellington Residential Mortgage,12.63,REIT - Mortgage Trusts,743,152448000
EBMT,Eagle Bancorp [Mt],25.01,Banks - Midwest,533,162610000
ECOR,Electrocore Inc,2.07,Medical - Drugs,804,100832000
EDAP,Edap Tms Sa ADR,8.15,Medical Instruments,610,218856000
EDTX,Edtechx Holdings Acquisition Corp II Cl A,9.92,Unclassified,603,121750000
EGAN,Egain Corp,9.31,Internet - Software,3643,283222000
EGY,Vaalco Energy Inc,2.28,International E&P,1635,133778000
EIGR,Eiger Biopharma,8.89,Medical - Biomedical,1978,286124000
ELVT,Elevate Credit Inc,3.1,Finance - Consumer Loans,11409,131884000
ELYS,Elys Game Tech Corp,5.41,Gaming,3651,124985000
EMAN,Emagin Corp,3.44,Electronics - Semiconductors,2099,239671000
EMKR,Emcore Corp,5.83,Electrical - Manufacturing,2554,197858000
EML,Eastern Company,26.31,Protection - Safety,1000,153388000
EMX,Emx Royalty Group,2.98,Mining - Misc,696,246416000
ENG,Englobal Corp,4.32,Engineering & R&D Services,2913,116985000
ENLV,Enlivex Therapeutics Ltd,11.03,Medical - Drugs,855,179979000
ENOB,Enochian Biosciences Inc,4,Medical - Biomedical,4286,167171000
ENZ,Enzo Biochem,3.44,Medical - Biomedical,978,162532000
EPM,Evolution Petroleum Corp,3.32,Oil - US Exploration & Product,562,109850000
EPSN,Epsilon Energy,3.98,Oil - US Integrated,1024,93289000
EQ,Equillium Inc,7.16,Medical - Biomedical,727,170555000
ESEA,Euroseas Ltd,10.99,Transportation - Ship,663,77532000
ETON,Eton Pharmaceutcials Inc,7.01,Medical - Biomedical,1134,169147000
EUCR,Eucrates Biomedical Acquisition Corp,9.81,Unclassified,3596,132033000
EVFM,Evofem Biosciences Inc,1.87,Medical - Biomedical,16448,193667000
EVGN,Evogene Ltd Ord,4.45,Medical - Biomedical,3868,119480000
EXPR,Express Inc,4.24,Retail - Apparel & Shoes,33415,264432000
EXTN,Exterran Corp,3.54,Oil Field Machinery & Equip,2945,115313000
EYEN,Eyenovia Inc,5.66,Medical - Biomedical,521,135618000
EYES,Second Sight,9.11,Medical Instruments,26466,205065000
EYPT,Eyepoint Pharmaceuticals Inc,9.98,Medical - Biomedical,3951,291146000
EZPW,Ezcorp Inc,5.16,Finance - Consumer Loans,1361,284667000
FARM,Farmer Brothers,8.77,Food Items - Wholesale,2342,179309000
FCAX,Fortress Capital Acquisition Corp Cl A,9.82,Unclassified,925,113734000
FCBP,First Choice Bancorp,24.72,Banks - Southwest,541,284319000
FCCO,First Community Corp,20.97,Banks - Southeast,585,147981000
FENC,Fennec Pharmaceuticals Inc,6.22,Medical - Drugs,679,165899000
FENG,Phoenix New Media Ltd,1.91,Broadcast - Radio & TV,15696,159412000
FET,Forum Energy Technologies Inc,19.52,Oil Field Machinery & Equip,738,108462000
FGNA,Fg New America Acquisition Corp Cl A,10.2,Unclassified,2197,244047000
FHS,First High-School Education Group ADR,6.57,Schools,20283,199148000
FINM,Marlin Technology Corporation Cl A,9.72,Unclassified,641,116688000
FLL,Full House Rsts,8.09,Gaming,8918,181188000
FLUX,Flux Power Holdings Inc,12.1,Electronics Products - Misc,987,144953000
FLXS,Flexsteel Inds,35.9,Furniture,2603,256816000
FNHC,Federated Natl Hld,4.7,Finance - Misc Services,543,81441000
FRAF,Franklin Finl Svcs Corp,30.76,Banks - Northeast,874,146268000
FRBA,First Bank,11.97,Banks - Northeast,825,213301000
FRBK,Republic First Bcp,3.79,Banks - Northeast,769,217223000
FREQ,Frequency Therapeutics Inc,8.68,Medical - Biomedical,24227,290796000
FRX,Forest Road Acquisition Corp Cl A,10.25,Unclassified,11693,89963000
FSBW,FS Bancorp Inc,68.41,Banks - West,746,275187000
FSTR,Foster L B Company,17.01,Steel - Producers,2730,184174000
FTCV,Fintech Acquisition Corp V Cl A,11.9,Unclassified,15407,124962000
FTEK,Fuel Tech Inc,3,Pollution Controls,585,91292000
FTFT,Future Fintech Group Inc,5.9,Beverages - Soft,45311,292308000
FTOC,Ftac Olympus Acquisition Corp Cl A,10.8,Unclassified,14099,282025000
FVE,Five Star Quality Care,6.21,Medical - Nursing Homes,549,198627000
GAIA,Gaiam Inc,11.75,Broadcast - Radio & TV,908,227916000
GAU,Galiano Gold Inc,1.13,Mining - Gold,807,246845000
GEN,Genesis Healthcare Inc,0.4204,Medical - Nursing Homes,6643,80329000
GENC,Gencor Industries IN,13.07,Machinery - Thermal Processing,580,187541000
GHM,Graham Corp,14.56,Machinery - General Industrial,501,141240000
GIK,Gigcapital3 Inc,10.67,Unclassified,7745,276796000
GIX,Gigcapital2 Inc,10.01,Unclassified,1409,216433000
GLMD,Galmed Pharmaceutica,3.39,Medical - Drugs,799,88546000
GLOP,Gaslog Partners LP,2.86,Transportation - Ship,1330,142828000
GLYC,Glycomimetics Inc,3.04,Medical - Drugs,1515,149848000
GMBL,Esports Entertainment Group Inc,14.8,Gaming,10712,251646000
GMTX,Gemini Therapeutics Inc,14.79,Medical - Drugs,3890,236443000
GNPK,Genesis Park Acquisition Corp Cl A,10.55,Unclassified,30209,202059000
GNPX,Genprex Inc,4.51,Medical - Biomedical,2882,191284000
GNRS,Greenrose Acquisition Corp,9.96,Unclassified,4233,217169000
GNSS,Genasys Inc,7.27,Consumer Services - Misc,834,244234000
GORO,Gold Resource Corp,2.66,Mining - Gold,1846,198008000
GPL,Great Panther Mining Ltd,0.7847,Mining - Silver,806,277452000
GPX,Gp Strategies Corp,16.7,Schools,1117,278798000
GRAY,Graybug Vision Inc,5.89,Medical - Biomedical,4853,127948000
GRNQ,Greenpro Capital Corp,2.52,Finance - Misc Services,6555,174057000
GROY,Gold Royalty Corp,4.54,Mining - Gold,665,185754000
GRTX,Galera Therapeutics Inc,9.31,Medical - Biomedical,1932,259251000
GSMG,Glory Star New Media Group Holdings Ltd,4.72,Technology Services,2040,233859000
GSV,Gold Standard Ventures Corp,0.6,Mining - Gold,2043,214235000
GTE,Gran Tierra Energy Inc,0.71,Oil - C$ Exploration & Product,3829,263310000
GTEC,Greenland Technologies Holding Corp,15.5,Electronics Products - Misc,1634,149293000
GTT,Global Telcom & Technology Inc,1.79,IT Services,1758,101169000
GWAC,Good Works Acquisition Corp,10.64,Unclassified,3232,218861000
HBB,Hamilton Beach Brands Holding Company Cl A,16.84,Appliances - Household,1212,235125000
HBIO,Harvard Bioscience,5.5,Industrial Scientific,1108,219043000
HCCC,Healthcare Capital Corp. Cl A,9.7,Unclassified,2467,79555000
HCIC,Hennessy Capital Investment Corp. V Cl A,9.9,Unclassified,5942,99455000
HEPA,Hepion Pharmaceuticals Inc,1.9,Medical - Biomedical,6501,147114000
HGBL,Heritage Global Inc,2.95,Finance - Misc Services,549,103947000
HIL,Hill International Inc,2.9,Consulting,620,155888000
HMCO,Humanco Acquisition Corp Cl A,9.85,Unclassified,5784,84245000
HQI,Hirequest Inc,18.35,Staffing,1367,231438000
HROW,Harrow Health Inc,6.64,Medical Services,675,171748000
HRZN,Horizon Technology F,14.35,Finance - SBIC & Commercial,1228,270060000
HSAQ,Health Sciences Acquisitions Corp 2,10.35,Unclassified,2628,215748000
HTBX,Heat Biologics Inc,7.39,Medical - Drugs,4068,173538000
HTOO,Fusion Fuel Green Plc,12.2,Other Alt Energy,3181,122903000
HURC,Hurco Cos Inc,33.52,Machinery - Tools & Related,1210,209885000
HYMC,Hycroft Mining Holding Corp,4.04,Mining - Misc,3692,296325000
HYRE,Hyrecar Inc,9.2,Transportation - Services,2325,184411000
HZN,Horizon Global Corp Comm,10.29,Auto - Truck Original Parts,514,270556000
IACA,ION Acquisition Corp 1 Ltd Cl A,10.16,Unclassified,2611,261855000
IDN,Intellicheck Mobilisia,8.43,Protection - Safety,2586,149124000
IEA,Infrastructure and Energy Alternatives Inc,14.35,Real Estate Operations,13304,297994000
IEC,IEC Electronics,11.96,Electronics - Misc Components,1039,125490000
IFRX,Fireman B.V.,4.06,Medical - Biomedical,1793,170751000
IGC,India Globalization Capital Inc,1.74,Medical - Drugs,2036,78030000
III,Information Svcs Group,4.37,Consulting,950,201348000
IIN,Intricon Corp,25.13,Electronics - Misc Components,3008,201116000
IMBI,Imedia Brands Inc,7.92,Movie & TV Production & Dist,542,109620000
IMMP,Immutep Ltd ADR,3.11,Medical - Biomedical,22551,128247000
IMMR,Immersion Corp,9.53,Computers - Peripheral Equpt,23813,287039000
IMRA,Imara Inc,8.61,Medical - Biomedical,1372,154836000
IMTX,Immatics NV,12.32,Medical - Biomedical,3679,225344000
IMV,Imv Inc,3.03,Medical - Drugs,678,197474000
INFI,Infinity Pharmaceuti,3.39,Medical - Drugs,5975,200326000
INMB,Inmune Bio Inc,12.39,Medical - Biomedical,828,183676000
INPX,Inpixon,1.2,Technology Services,6108,84869000
INSE,Inspired Entertainment Inc,8.62,Technology Services,867,195496000
INTT,Intest Corp,10.92,Electronics - Measuring Inst,1631,106027000
INUV,Inuvo Inc,1.07,Internet - Services,6005,133923000
INVE,Identiv Inc,11.49,Computers - Peripheral Equpt,972,196074000
ISR,Isoray Inc,1.12,Medical - Drugs,2312,169440000
ISTR,Investar Holding,20.69,Banks - Southeast,600,214947000
ITAC,Industrial Tech Acquisitions Inc Cl A,10.05,Technology Services,2112,96100000
ITI,Iteris Inc,6.2,Computer - Integrated Systems,1300,252761000
ITRM,Iterum Therapeutics Plc,1.41,Medical - Drugs,14489,250599000
IVAN,Ivanhoe Capital Acquisition Corp Cl A,9.92,Unclassified,1613,82256000
IVC,Invacare Corp,8.17,Medical - Dental Suppliers,3454,269196000
IZEA,Izea Inc,4.05,Internet - Software,14936,214291000
JAGX,Jaguar Health Inc,1.84,Medical - Drugs,7020,214429000
JE,Just Energy Group Inc,1.745,Utility - Gas Distribution,2492,83898000
JILL,J. Jill Inc,8.81,Retail - Apparel & Shoes,1350,77344000
KERN,Akerna Corp Cl A,5.1,Medical Products,6119,104961000
KIN,Kindred Biosciences,4.59,Medical - Biomedical,874,183205000
KINZ,Kins Technology Group Inc Cl A,9.82,Unclassified,1384,80621000
KLXE,Klx Energy Services Holdings Inc,16.63,Oil - Field Services,733,138119000
KMDA,Kamada Ltd,6.09,Medical - Biomedical,581,269346000
KMPH,Kempharm Inc,9.35,Medical - Drugs,7355,257086000
KOSS,Koss Cp,21.13,Audio & Video Products,97044,125058000
KRKR,36Kr Holdings Inc ADR,3.36,Business Information,638,121106000
KRMD,Repro Med Sys Inc,3.47,Medical Instruments,994,165665000
KRUS,Kura Sushi USA Inc Cl A,31.36,Retail - Restaurants,2170,251904000
KVHI,K V H Inds Inc,12.82,Communications Components,945,220607000
KXIN,Kaixin Auto Holdings,3.18,Auto - Truck Replacement Parts,4952,187124000
KZIA,Kazia Therapeutics Ltd,11.12,Medical - Biomedical,1487,106612000
LAIX,Laix Inc ADR,2.52,Technology Services,11375,118212000
LAKE,Lakeland Inds Inc,27.27,Protection - Safety,3229,212771000
LAZY,Lazydays Holdings Inc,17.2,Leisure & Recreational Prdcts,3247,190184000
LCAP,Lionheart Acquisition Corp II Cl A,9.82,Unclassified,519,287532000
LCI,Lannett CO Inc,5.82,Medical - Drugs,1325,241788000
LEAP,Ribbit Leap Ltd Cl A,10.95,Unclassified,4856,228233000
LEE,Lee Enterprises Inc,22.37,Publishing - Newspapers,642,133978000
LEVL,Level One Bancorp Inc,24.75,Banks - Northeast,770,180913000
LFTR,Lefteris Acquisition Corp Cl A,9.87,Unclassified,1329,252657000
LFVN,Lifevantage Cp,9.54,Medical - Dental Suppliers,722,132320000
LGVN,Longeveron Inc,5.88,Medical - Biomedical,931,115235000
LINC,Lincoln Educational,6.65,Schools,658,182716000
LIQT,Liqtech International Inc,8.01,Pollution Controls,1668,189481000
LIVK,Liv Capital Acquisition Corp Cl A,10.1,Unclassified,2198,100611000
LJPC,LA Jolla Pharma,4.47,Medical - Drugs,925,123426000
LMB,Limbach Holdings Inc,11.04,Building - Maint & Service,2696,107337000
LMNL,Liminal Biosciences Inc,4.07,Medical - Biomedical,560,121658000
LMNR,Limoneira Company,17.34,Agriculture Operations,1196,289857000
LMPX,Lmp Automotive Holdings Inc,16.92,Internet Commerce,2975,171076000
LODE,Comstock Mining Inc,4.83,Mining - Gold,6247,196147000
LOGC,Logicbio Therapeutics Inc,7.03,Medical - Biomedical,763,230587000
LPCN,Lipocine Inc,1.47,Medical - Drugs,1815,129788000
LPTH,Lightpath Tech Inc,2.9,Electronics - Misc Components,1052,76846000
LPTX,Leap Therapeutics Inc,1.98,Medical - Biomedical,863,125282000
LQDA,Liquidia Corp,2.53,Medical - Biomedical,2692,108773000
LRMR,Larimar Therapeutics Inc,17.18,Medical - Drugs,569,269247000
LSAQ,Lifesci Acquisition II Corp,10.4,Unclassified,2440,99309000
LTRN,Lantern Pharma Inc,18.71,Medical - Biomedical,1246,209438000
LUMO,Lumos Pharma Inc,12.7,Medical - Biomedical,698,113311000
LXEH,Lixiang Education Holding CO ADR,7.95,Schools,1253,118480000
LXU,Lsb Industries Inc,4.5,Conglomerates - Div Operations,621,121354000
LYRA,Lyra Therapeutics Inc,11.9,Medical - Drugs,966,156282000
LYTS,L S I Industries,8.55,Building Products - Ltg FX,988,217568000
MARK,Remark Holdings Inc,2.22,IT Services,6070,215919000
MBIO,Mustang Bio Inc,3.24,Medical - Biomedical,7927,200281000
MBRX,Moleculin Biotech CS,3.83,Medical - Biomedical,1188,100123000
MDNA,Medicenna Therapeutics Corp,3.97,Medical - Biomedical,737,202818000
MDWD,Mediwound Ltd Ord Sh,4.96,Medical - Drugs,780,136185000
MHH,Mastech Holdings Inc,18.49,IT Services,549,202784000
MICT,Micronet Enertec Tec,2.08,Computer - Services,8290,240789000
MITC,Meatech 3D Ltd,9.01,Technology Services,865,103982000
MITT,Ag Mortgage Investment Trust,4.2,REIT - Mortgage Trusts,3240,169140000
MKD,Molecular Data Inc Ads,1.16,Technology Services,18381,119644000
MKTY,Mechanical Technology Inc,13.25,Industrial Controls,1631,102246000
MLAC,Malacca Straits Acquisition Company Ltd Cl A,9.92,Unclassified,837,140156000
MLSS,Milestone Scientific,3.46,Medical - Dental Suppliers,1105,218467000
MNOV,Medicinova Inc,4.98,Medical - Biomedical,1538,240971000
MNSB,Mainstreet Bank,20.74,Banks - Northeast,500,152143000
MOGO,Mogo Inc,8.48,Technology Services,18881,291787000
MOTN,Motion Acquisition Corp Cl A,9.93,Unclassified,775,141737000
MOTV,Motive Capital Corp Cl A,9.85,Unclassified,973,118057000
MRAC,Marquee Raine Acquisition Corp Cl A,9.82,Unclassified,634,108690000
MRAM,Everspin Technologies Inc,6.2,Technology Services,554,111982000
MREO,Mereo Biopharma Group Plc ADR,3.59,Medical - Biomedical,6165,88395000
MRKR,Marker Therapeutics Inc,2.35,Medical - Drugs,13327,118203000
MTBC,Mtbc Inc,8.65,Medical Information Systems,1349,119161000
MTNB,Matinas Biopharma Hl,1.12,Medical - Drugs,1988,209414000
MYFW,First Western Financial Inc,28.9,Banks - Midwest,2587,205553000
NATH,Nathan's Famous IN,66.9,Retail - Restaurants,1452,265000000
NBAC,Newborn Acquisition Corp,15.52,Unclassified,1838,115779000
NBN,Northeast Bncp,26.26,Finance - Savings & Loan,517,233593000
NBSE,Neu Base Therapeutics Inc,7.25,Medical - Biomedical,1944,174777000
NC,Nacco Industries,24.9,Appliances - Household,518,151107000
NCNA,Nucana Plc ADR,4.98,Medical - Biomedical,829,244415000
NCTY,The9 Ltd,34.29,Internet - Content,41367,106704000
NDRA,Endra Life Sciences Inc,2.43,Medical Instruments,4365,86824000
NEBC,Nebula Caravel Acquisition Corp Cl A,10.01,Unclassified,5248,80895000
NEPT,Neptune Wellness Solutions Inc,1.36,Medical Products,6350,238270000
NERV,Minerva Neuroscie,2.92,Medical - Drugs,776,122612000
NETI,Eneti Inc,20.45,Transportation - Ship,1368,230837000
NEXT,Nextdecade Corp,2.57,Oil Gas Prod Pipeline MLP,62283,254893000
NGAB,Northern Genesis Acquisition Corp II,9.75,Unclassified,510,119419000
NGL,Ngl Energy Partners LP,2.1,Oil Refining & Marketing MLP,3541,279003000
NINE,Nine Energy Service Inc,2.41,Oil - Field Services,529,88038000
NISN,Nisun Int Ent Dev Grp CO Ltd,16.01,Technology Services,1715,293806000
NM,Navios Maritime Holdings Inc,10.13,Transportation - Ship,5491,137044000
NMCI,Navios Maritime Containers L.P.,10.3,Transportation - Ship,3503,298179000
NMM,Navios Maritime Partners LP,26.2,Transportation - Ship,12374,272610000
NMRD,Nemaura Med Inc,7.59,Medical Instruments,757,192153000
NMTR,9 Meters Biopharma Inc,1.42,Medical - Biomedical,3777,196926000
NOVN,Novan Inc,1.43,Medical - Drugs,4822,222930000
NR,Newpark Resources,3.26,Oil - Field Services,1520,283777000
NREF,Nexpoint Real Estate Finance Inc,18.17,REIT - Mortgage Trusts,821,92868000
NRIM,Northrim Bancorp Inc,43.87,Banks - West,566,258211000
NSH,Navsight Holdings Inc Cl A,10.05,Unclassified,14331,230230000
NSPR,Inspiremd Inc,0.6602,Medical Instruments,1658,76002000
NTIC,Northern Technologies Intl Corp,15.33,Chemical - Diversified,644,134202000
NUVB,Nuvation Bio Inc,10.28,Medical - Biomedical,11364,220180000
NXTC,Nextcure Inc,10.46,Medical - Biomedical,983,295320000
NYMX,Nymox Pharm Corp,2.4,Medical - Biomedical,731,182218000
OBSV,Obseva Sa,3.2,Medical - Biomedical,3445,179565000
OCG,Oriental Culture Holding Ltd,9.26,Internet Commerce,19050,190397000
OCN,Ocwen Financial Corp,26.95,Finance - Mortgage & Rel Svs,838,227444000
ODT,Odonate Therapeutics Inc,3.09,Medical - Drugs,18940,120058000
OEG,Orbital Energy Group Inc,5.38,Other Alt Energy,7242,233648000
OESX,Orion Energy Syst,7.13,Building Products - Ltg FX,2115,221780000
OGEN,Oragenics Inc,0.9017,Medical - Biomedical,2521,88813000
OIIM,O2Micro Intl Ltd,7.45,Electronics - Semiconductors,1784,197748000
ONCS,Oncosec Medical,5.11,Medical - Biomedical,798,194347000
ONCY,Oncolytics Biotech Inc,3.7,Medical - Biomedical,7584,214065000
ONDS,Ondas Holdings Inc,9.84,Communication Network Software,3027,259977000
ONTX,Onconova Therapeutic,1.01,Medical - Drugs,10655,219765000
OPBK,Open Bank,11.31,Banks - Southwest,1575,161551000
OPTN,Optinose Inc,3.53,Medical - Drugs,771,183723000
OPTT,Ocean Power Tech Inc,2.95,Other Alt Energy,5338,145820000
ORGS,Orgenesis Inc,5.57,Medical - Biomedical,783,146410000
ORMP,Oramed Pharma,10.1,Medical Products,6309,296050000
ORN,Orion Group Holdings Inc,5.65,Building - Heavy Construction,697,166317000
ORRF,Orrstown Finl Svcs,22.57,Banks - Northeast,1158,240343000
OSG,Overseas Shipholding Group Inc,2.13,Transportation - Ship,1183,182171000
OSMT,Osmotica Pharmaceuticals Plc,3.73,Medical - Biomedical,1830,217796000
OSS,One Stop Systems Inc,6.42,Internet - Software,1929,110435000
OTIC,Otonomy Inc,2.65,Medical - Drugs,599,128529000
OUST,Ouster Inc,8.99,Electronics - Misc Components,8494,203750000
OVID,Ovid Therapeutics Inc,3.97,Medical - Biomedical,3554,253810000
OXSQ,Oxford Square Capital Corp,4.56,Finance - SBIC & Commercial,2322,225635000
PAYS,Paysign Inc,4.39,Financial Transaction Services,3347,195887000
PBPB,Potbelly Corp,6.05,Retail - Restaurants,697,172178000
PBT,Permian Basin Royalty Trust,4.4,Oil - US Royalty Trusts,546,196228000
PCB,Pacific City Finl Cp,15.34,Banks - Southwest,704,234422000
PCTI,Pc-Tel Inc,7.09,Wireless Equipment,700,129346000
PDEX,Pro-Dex Inc,26.9,Medical - Dental Suppliers,581,104120000
PDS,Precision Drilling Corp,21.39,Oil & Gas - Drilling,1786,269140000
PDSB,Pds Biotechnology Corp,4.21,Medical - Biomedical,2459,97953000
PED,Pedevco Corp,1.49,Oil Field Machinery & Equip,516,119187000
PEI,Pennsylvania Real Estate Investment,1.98,REIT - Equity Trust Retail,2453,156162000
PFBI,Premier Finl Bncp,17.94,Banks - Southeast,605,250149000
PFSW,Pfsweb Inc,6.52,Business Services,638,136674000
PFX,Phenixfin Corp Pr,33.51,Finance - SBIC & Commercial,617,89310000
PHAS,Phasebio Pharmaceuticals Inc,3.42,Medical - Biomedical,1967,96573000
PHUN,Phunware Inc,1.63,Internet - Software,21136,113564000
PINE,Alpine Income Property Trust Inc,16.62,REIT - Equity Trust Other,1602,123501000
PIPP,Pine Island Acquisition Corp Cl A,10.05,Unclassified,2390,273683000
PIRS,Pieris Pharma,2.6,Medical - Biomedical,1756,139928000
PKE,Park Electrochemical Corp,13.76,Aerospace - Defense Equipment,1112,272902000
PLBY,Plby Group Inc,17.91,Leisure & Recreational Prdcts,10003,140517000
PLG,Platinum Group Metals Ltd,3.8,Mining - Misc,1523,276895000
PLX,Protalix Biotherapeutics,4.83,Medical - Biomedical,1453,177304000
PLXP,Plx Pharma Inc,8.38,Medical - Drugs,3546,185190000
PMBC,Pacific Mercantile,9.05,Banks - West,2624,198862000
PNTM,Pontem Corporation Cl A,9.72,Unclassified,2428,193456000
POLA,Polar Power Inc,11.92,Utility - Electric Power,6362,128519000
PROG,Progenity Inc,4.43,Medical - Drugs,1135,248238000
PRQR,Proqr Therapeutics,8.19,Medical - Biomedical,94291,284812000
PRT,Permrock Royalty Trust Trust Units,6.15,Oil - US Integrated,889,81296000
PSTI,Pluristem Therapeutc,4.6,Medical - Biomedical,2382,153231000
PSTL,Postal Realty Trust Cl A,17.24,REIT - Equity Trust Other,990,156387000
PTN,Palatin Technologies,0.78,Medical - Biomedical,6664,159874000
PVAC,Penn VA Corp,14.15,Oil - US Exploration & Product,5438,211143000
PVBC,Provident Bancorp CS,14.35,Banks - Northeast,771,260295000
PW,Power REIT,46.08,REIT - Equity Trust Other,1571,139601000
PWFL,Powerfleet Inc,8.94,Transportation - Services,973,296091000
PXLW,Pixelworks Inc,3.37,Electronics - Semiconductors,1883,171777000
PYPD,Polypid Ltd,9.45,Medical - Drugs,715,168585000
QRHC,Quest Resource,4.29,Waste Removal Svcs,1360,77703000
QUAD,Quad Graphics Inc,4.03,Printing - Commercial,645,225850000
QUIK,Quicklogic Corp,7.3,Electronics - Semiconductors,669,77587000
RBAC,Redball Acquisition Corp Cl A,9.98,Unclassified,2314,164975000
RCON,Recon Technology Ltd,7.22,Oil Field Machinery & Equip,13752,101487000
RDVT,Red Violet Inc,19.01,Internet Software Services,745,223626000
REDU,Rise Education Cayman Ltd ADR,4.65,Schools,730,291474000
REI,Ring Energy Inc,2.48,Oil - US Exploration & Product,6721,256881000
RENN,Renren Inc,10.07,Internet Services - Delivery,946,229529000
REPH,Recro Pharma Inc,3.05,Medical - Drugs,856,123250000
RESN,Resonant Inc,4.19,Semi Radio Frequency,4604,245891000
RGCO,Rgc Resources Inc,22.25,Oil - Refining and Marketing,1242,186079000
RGLS,Regulus Therapeutics,1.52,Medical - Drugs,800,110208000
RICE,Rice Acquisition Corp Cl A,9.96,Unclassified,540,294305000
RMBL,Rumbleon Inc,43.48,Internet - Services,5183,96627000
RMTI,Rockwell Medical IN,1.17,Medical Products,2497,109480000
RNWK,Realnetworks Inc,4.52,Internet - Software,2988,164891000
RRD,Donnelley R.R. & Sons Company,4.09,Outsourcing,3457,271366000
RTPZ,Reinvent Technology Partners Z Cl A,10.18,Unclassified,5162,293250000
RUHN,Ruhnn Holding Ltd ADR,3.27,Technology Services,682,278547000
RWLK,Rewalk Roboti Ord Sh,2.32,Medical Instruments,4767,105770000
RYB,Ryb Education Inc Aps,3.82,Schools,2115,98482000
SACH,Sachem Capital Corp,5.22,Finance - Misc Services,1145,112616000
SAR,Saratoga Investment Corp,24.55,Finance - SBIC & Commercial,1424,270426000
SB,Safe Bulkers Inc,2.64,Transportation - Ship,1580,262454000
SBBP,Strongbridge Bio Ord,2.72,Medical - Biomedical,2020,186330000
SCM,Stellus Capital Investment Cor,12.66,Finance - SBIC & Commercial,1153,242016000
SCOR,Comscore Inc,3.66,Business Services,1340,265255000
SCPE,SC Health Corp Cl A,10.13,Unclassified,6747,229271000
SCYX,Scynexis Inc,7.65,Medical - Drugs,2456,86426000
SD,Sandridge Energy Inc,4.01,Oil - US Integrated,668,143095000
SDH,Global Internet of People Inc,3.88,Internet - Software,892,98314000
SECO,Secoo Holding ADR,2.61,Internet Commerce,808,194296000
SEED,Origin Agritech Ltd,21.21,Agriculture Operations,4354,127539000
SEEL,Seelos Therapeutics Inc,4.28,Medical - Biomedical,20012,282013000
SFE,Safeguard Scientifics,7.09,Finance - SBIC & Commercial,914,146189000
SGA,Saga Communications,22.6,Broadcast - Radio & TV,746,131842000
SGAM,Seaport Global Acquisition Corp Cl A,9.88,Unclassified,1171,153281000
SHBI,Shore Bancshares Inc,17.52,Banks - Northeast,1051,206073000
SHIP,Seanergy Maritime Hl,1.06,Transportation - Ship,10992,165392000
SHSP,Sharpspring Inc,16.09,Internet - Software,1950,181477000
SIC,Select Interior Concepts Inc Cl A,7.21,Textile - Home Furnishings,769,177812000
SIEB,Siebert Fin Cp,4.21,Finance - Investment Brokers,1257,138897000
SINO,Sino-Global Shipping,6.16,Transportation - Services,8417,102429000
SIOX,Sio Gene Therapies Inc,2.54,Medical - Biomedical,2214,110565000
SLGG,Super League Gaming Inc,7.55,Gaming,20354,155145000
SLNO,Soleno Therapeutics Inc,1.27,Medical - Drugs,1948,107627000
SLS,Sellas Life Sciences Group Inc,8.24,Medical - Biomedical,3004,76926000
SMED,Sharps Compliance,13.54,Pollution Controls,831,219609000
SMHI,Seacor Marine Holdings Inc,5.79,Transportation - Ship,1643,116617000
SMLP,Summit Midstream Partners LP,24.48,Oil Gas Prod Pipeline MLP,1295,152508000
SMTX,Smtc Corp,6.01,Electronics - Misc Components,3217,171084000
SNCR,Synchronoss Technolo,3.88,Internet - Software,1067,169140000
SND,Smart Sand Inc,2.59,Oil - Field Services,593,107225000
SPI,Spi Energy CO Ads,6.82,Solar,2772,153259000
SPOK,Spok Holdings Inc,10.68,Wireless National,663,202212000
SPRT,Support.com Inc,4.78,Internet - Software,7626,88751000
SQNS,Sequans Communications S A,5.97,Electronics - Semiconductors,1350,205591000
SRAC,Stable Road Acquisition Corp Cl A,13.97,Aerospace - Defense,9779,242724000
SRGA,Surgalign Hldg Inc,2.3,Medical Services,1343,178058000
STG,Sunlands Online Education Group ADR,1.15,Internet - Services,5711,119047000
STKS,The One Group,8.19,Retail - Restaurants,2925,232960000
STON,Stonemor Partners LP,1.99,Consumer Services - Misc,1028,241636000
STRT,Strattec Security,44.57,Auto - Truck Original Parts,1440,166908000
STSA,Satsuma Pharmaceuticals Inc,5.71,Medical - Biomedical,538,95995000
SUNS,Slr Senior Investment Corp,14.92,Finance - SBIC & Commercial,864,239290000
SUP,Superior Industries International,6.25,Auto - Truck Original Parts,1428,154064000
SUPV,Grupo Supervielle S.A.,1.81,Banks - Foreign,712,161672000
SVAC,Starboard Value Acquisition Corp Cl A,10,Unclassified,7559,120981000
SVBI,Severn Bancorp Inc,12.55,Banks - Northeast,708,157265000
SVFA,Svf Investment Corp Cl A,10.1,Unclassified,10773,178498000
SVFB,Svf Investment Corp. 2 Cl A,10.09,Unclassified,992,262140000
SVOK,Seven Oaks Acquisition Corp Cl A,9.83,Unclassified,1504,272250000
SVRA,Savara Inc,1.65,Medical - Drugs,3049,92201000
SWET,Athlon Acquisition Corp. Cl A,9.85,Unclassified,607,78992000
SYBX,Synlogic Inc,3.73,Medical - Biomedical,1303,135156000
SYN,Synthetic Biologics Inc,0.6801,Medical - Biomedical,2349,85948000
SYNC,Synacor Inc,2.19,Internet - Services,4535,86424000
TAOP,Taoping Inc,9.25,Internet - Services,5967,82850000
TARA,Artara Therapeutics Inc,14.89,Medical - Drugs,2625,183145000
TCDA,Tricida Inc,5.14,Medical - Drugs,2264,237654000
TCON,Tracon Pharma,7.96,Medical - Biomedical,1312,126618000
TDAC,Trident Acquisitions Corp,11.82,Unclassified,4826,147685000
TEDU,Tarena Intl ADR,3.02,Staffing,5510,167669000
TELA,Tela Bio Inc,14.55,Medical - Biomedical,1737,202048000
TH,Target Hospitality Corp,2.33,Leisure & Recreation Services,2777,195260000
THCA,Tuscan Holdings Corp II,10.09,Unclassified,1149,192669000
TIPT,Tiptree Fncl Cl A,8.87,Insurance - Brokers,2890,247289000
TISI,Team Inc,9.85,Building - Maint & Service,1535,298860000
TLIS,Talis Biomedical Corp,11.51,Medical - Biomedical,2183,283169000
TMDI,Titan Medical Inc,1.78,Medical Instruments,1358,189478000
TMKR,Tastemaker Acquisition Corp. Cl A,9.71,Unclassified,2212,290700000
TMTS,Spartacus Acquisition Corporation Cl A,9.95,Unclassified,1040,197200000
TNP,Tsakos Energy Navigation Ltd,10,Transportation - Ship,1127,181988000
TOPS,Top Ships Inc,2.06,Transportation - Ship,3897,81257000
TRCH,Torchlight Energy,1.85,Oil - US Exploration & Product,12439,281909000
TREC,Trecora Resources,7.86,Chemical - Diversified,964,190236000
TRIB,Trinity Bio ADR,3.26,Medical Products,2835,86743000
TRIT,Triterras Inc Cl A,7.11,Financial Transaction Services,2982,228080000
TRVN,Trevena Inc,1.83,Medical - Biomedical,3192,285455000
TRX,Tanzanian Royalty Exploration Corp,0.59,Mining - Gold,1560,149533000
TSQ,Townsquare Media Llc,10.29,Broadcast - Radio & TV,1341,193196000
TTOO,T2 Biosystems CS,1.61,Medical Instruments,7108,229332000
TWCT,Twc Tech Holdings II Corp Cl A,9.86,Unclassified,720,170145000
TWIN,Twin Disc Inc,9.03,Machinery - General Industrial,538,122250000
TYME,Tyme Technologies,1.8,Medical - Drugs,3410,234769000
TZOO,Travelzoo Inc,16.38,Internet Commerce,2364,177567000
UAMY,U S Antimony Corp,1.12,Mining - Non Ferrous,1991,101909000
UGRO,Urban-Gro Inc,7.79,Machinery - Farm,1373,82413000
ULBI,Ultralife Corp,8.57,Electronics - Misc Components,1488,119381000
UNTY,Unity Bancorp Inc,21.88,Banks - Northeast,691,217237000
UONE,Urban One Inc,5.3,Broadcast - Radio & TV,5700,256884000
UONEK,Urban One Inc,1.78,Broadcast - Radio & TV,661,81172000
URG,Ur Energy Inc,1.23,Mining - Misc,3226,215313000
USAK,U S A Truck Inc,15.8,Transportation - Truck,1740,135012000
USAS,Americas Silver Corp,2.1,Mining - Misc,4047,296655000
USDP,USD Partners LP,6.46,Transportation - Rail,3230,152273000
USIO,Usio Inc,6.62,Financial Transaction Services,2378,150973000
USWS,U.S. Well Services Inc,1.09,Oil - Field Services,3525,87615000
UTI,Universal Technical Institute Inc,5.76,Schools,1081,185308000
VBLT,Vascular Biogen. Ord,2.03,Medical - Biomedical,663,93399000
VERB,Verb Technology Company Inc,1.48,Internet - Software,2298,75612000
VERO,Venus Concept Inc,2.37,Medical Instruments,678,127987000
VGZ,Vista Gold Corp,1.06,Mining - Gold,682,105446000
VHAQ,Viveon Health Acquisition Corp,9.92,Unclassified,1623,245271000
VISL,Vislink Technologies Inc,3.2,Communication Network Software,27135,146508000
VIST,Vista Oil & Gas S.A.B. DE C.V.,2.62,Oil - International Integrated,1007,242702000
VNRX,Volitionrx Ltd,3.5,Medical - Biomedical,775,189278000
VOLT,Volt Information Services Inc,3.91,Business Services,1316,82601000
VTGN,Vistagen Therap. Com,2.15,Medical - Biomedical,1753,299581000
VTVT,Vtv Theraptcs Cl A,2.61,Medical - Biomedical,1227,210483000
VVPR,Vivopower International Plc,8.59,Solar,1611,110995000
VWTR,Vidler Water Resources Inc,9.07,Utility - Water Supply,623,163390000
VYGR,Voyager Therapeut,4.82,Medical - Biomedical,1261,173585000
WATT,Energous Corp,3.93,Machinery - Electrical,8737,166160000
WKEY,Wisekey International Holding Ltd ADR,15.24,Protection - Safety,484970,274517000
WMC,Western Asset Mortgage Capital,3.28,REIT - Mortgage Trusts,1970,197642000
WNEB,Western New England Bancorp Inc,8.59,Banks - Foreign,1102,200079000
WNW,Wunong Net Technology Company Limited,10.09,Internet Commerce,8012,247750000
WRAP,Wrap Technologies Inc,5.55,Protection - Safety,840,193495000
WRN,Western Copper Corp,1.32,Mining - Misc,693,181902000
WTER,Alkaline Water Company Inc,1.13,Beverages - Soft,792,86976000
WWR,Westwater Resources,5.21,Mining - Misc,8562,158242000
WYY,Widepoint Corp,9.66,Computer - Services,954,88055000
XAIR,Beyond Air Inc,5.32,Medical - Biomedical,2052,107147000
XCUR,Exicure Inc,2.19,Medical - Biomedical,1058,182077000
XELA,Exela Technologies Inc,2.36,Technology Services,5303,129732000
XERS,Xeris Pharmaceuticals Inc,4.36,Medical - Drugs,6118,254001000
XFOR,X4 Pharmaceuticals Inc,9.15,Medical - Biomedical,1227,151241000
XGN,Exagen Inc,17.59,Medical Products,797,228187000
XSPA,Xpresspa Group Inc,1.77,Medical Services,6769,116093000
YCBD,Cbdmd Inc,3.86,Advertising Marketing Services,1290,197122000
YSAC,Yellowstone Acquisition Company Cl A,9.99,Unclassified,1218,168970000
YTRA,Yatra Online Inc,2.39,Internet - Services,1527,141276000
ZDGE,Zedge Inc Cl B,12.11,Internet - Content,6864,162717000
ZEUS,Olympic Steel Inc,28.93,Steel - Producers,7247,271448000
ZKIN,Zk International Group CO Ltd,9.8,Steel - Producers,29425,224254000
ZNTE,Zanite Acquisition Corp Cl A,10.05,Unclassified,4128,286350000
ZSAN,Zosano Pharma,1.16,Medical - Biomedical,2114,120108000
ZVO,Zovio Inc,4.69,Technology Services,817,146724000
ZYNE,Zynerba Pharma CS,4.62,Medical - Generic Drugs,5531,188934000